Germany,Augsburg,295,"HL Mountain Frame - Silver, 46"
Germany,Augsburg,306,"HL Mountain Frame - Black, 38"
Germany,Augsburg,502,"LL Touring Frame - Blue, 50"
Germany,Augsburg,514,Rear Brakes
Germany,Augsburg,527,"LL Mountain Frame - Silver, 52"
Germany,Augsburg,548,Touring Pedal
Germany,Augsburg,552,Front Derailleur
Germany,Augsburg,554,HL Touring Handlebars
Germany,Augsburg,557,ML Crankset
Germany,Augsburg,558,HL Crankset
Germany,Bad Soden,492,"HL Touring Frame - Yellow, 60"
Germany,Bad Soden,493,"LL Touring Frame - Yellow, 62"
Germany,Bad Soden,494,"HL Touring Frame - Yellow, 46"
Germany,Bad Soden,495,"HL Touring Frame - Yellow, 50"
Germany,Bad Soden,496,"HL Touring Frame - Yellow, 54"
Germany,Bad Soden,497,"HL Touring Frame - Blue, 46"
Germany,Bad Soden,498,"HL Touring Frame - Blue, 50"
Germany,Bad Soden,499,"HL Touring Frame - Blue, 54"
Germany,Bad Soden,500,"HL Touring Frame - Blue, 60"
Germany,Bad Soden,502,"LL Touring Frame - Blue, 50"
Germany,Bad Soden,503,"LL Touring Frame - Blue, 54"
Germany,Bad Soden,506,"LL Touring Frame - Yellow, 44"
Germany,Bad Soden,507,"LL Touring Frame - Yellow, 50"
Germany,Bad Soden,509,"LL Touring Frame - Yellow, 58"
Germany,Bad Soden,510,"LL Touring Frame - Blue, 44"
Germany,Bad Soden,521,LL Touring Seat/Saddle
Germany,Bad Soden,522,ML Touring Seat/Saddle
Germany,Bad Soden,523,HL Touring Seat/Saddle
Germany,Bad Soden,548,Touring Pedal
Germany,Bad Soden,554,HL Touring Handlebars
Germany,Berlin,240,"HL Road Frame - Red, 62"
Germany,Berlin,243,"HL Road Frame - Red, 44"
Germany,Berlin,255,"LL Road Frame - Black, 58"
Germany,Berlin,281,"LL Road Frame - Black, 44"
Germany,Berlin,287,"LL Road Frame - Black, 52"
Germany,Berlin,404,LL Road Handlebars
Germany,Berlin,408,HL Road Handlebars
Germany,Berlin,430,"ML Road Frame-W - Yellow, 40"
Germany,Berlin,436,"ML Road Frame-W - Yellow, 48"
Germany,Berlin,440,"HL Road Frame - Black, 44"
Germany,Berlin,492,"HL Touring Frame - Yellow, 60"
Germany,Berlin,493,"LL Touring Frame - Yellow, 62"
Germany,Berlin,496,"HL Touring Frame - Yellow, 54"
Germany,Berlin,499,"HL Touring Frame - Blue, 54"
Germany,Berlin,500,"HL Touring Frame - Blue, 60"
Germany,Berlin,501,Rear Derailleur
Germany,Berlin,502,"LL Touring Frame - Blue, 50"
Germany,Berlin,506,"LL Touring Frame - Yellow, 44"
Germany,Berlin,507,"LL Touring Frame - Yellow, 50"
Germany,Berlin,514,Rear Brakes
Germany,Berlin,520,HL Road Seat/Saddle
Germany,Berlin,521,LL Touring Seat/Saddle
Germany,Berlin,523,HL Touring Seat/Saddle
Germany,Berlin,546,ML Road Pedal
Germany,Berlin,547,HL Road Pedal
Germany,Berlin,548,Touring Pedal
Germany,Berlin,552,Front Derailleur
Germany,Berlin,553,LL Touring Handlebars
Germany,Berlin,554,HL Touring Handlebars
Germany,Berlin,555,Front Brakes
Germany,Berlin,556,LL Crankset
Germany,Berlin,558,HL Crankset
Germany,Berlin,559,Chain
Germany,Berlin,601,LL Bottom Bracket
Germany,Berlin,603,HL Bottom Bracket
Germany,Braunschweig,408,HL Road Handlebars
Germany,Braunschweig,436,"ML Road Frame-W - Yellow, 48"
Germany,Braunschweig,545,LL Road Pedal
Germany,Duesseldorf,240,"HL Road Frame - Red, 62"
Germany,Duesseldorf,434,"ML Road Frame-W - Yellow, 44"
Germany,Duesseldorf,440,"HL Road Frame - Black, 44"
Germany,Duesseldorf,546,ML Road Pedal
Germany,Duesseldorf,547,HL Road Pedal
Germany,Eilenburg,255,"LL Road Frame - Black, 58"
Germany,Eilenburg,287,"LL Road Frame - Black, 52"
Germany,Eilenburg,408,HL Road Handlebars
Germany,Eilenburg,418,"ML Road Frame-W - Yellow, 38"
Germany,Eilenburg,434,"ML Road Frame-W - Yellow, 44"
Germany,Eilenburg,436,"ML Road Frame-W - Yellow, 48"
Germany,Eilenburg,545,LL Road Pedal
Germany,Eilenburg,546,ML Road Pedal
Germany,Eilenburg,547,HL Road Pedal
Germany,Essen,496,"HL Touring Frame - Yellow, 54"
Germany,Essen,523,HL Touring Seat/Saddle
Germany,Essen,552,Front Derailleur
Germany,Essen,558,HL Crankset
Germany,Essen,559,Chain
Germany,Essen,603,HL Bottom Bracket
Germany,Frankfurt,240,"HL Road Frame - Red, 62"
Germany,Frankfurt,243,"HL Road Frame - Red, 44"
Germany,Frankfurt,255,"LL Road Frame - Black, 58"
Germany,Frankfurt,287,"LL Road Frame - Black, 52"
Germany,Frankfurt,404,LL Road Handlebars
Germany,Frankfurt,408,HL Road Handlebars
Germany,Frankfurt,418,"ML Road Frame-W - Yellow, 38"
Germany,Frankfurt,434,"ML Road Frame-W - Yellow, 44"
Germany,Frankfurt,436,"ML Road Frame-W - Yellow, 48"
Germany,Frankfurt,440,"HL Road Frame - Black, 44"
Germany,Frankfurt,520,HL Road Seat/Saddle
Germany,Frankfurt,547,HL Road Pedal
Germany,Frankfurt am Main,400,ML Mountain Handlebars
Germany,Frankfurt am Main,492,"HL Touring Frame - Yellow, 60"
Germany,Frankfurt am Main,493,"LL Touring Frame - Yellow, 62"
Germany,Frankfurt am Main,494,"HL Touring Frame - Yellow, 46"
Germany,Frankfurt am Main,495,"HL Touring Frame - Yellow, 50"
Germany,Frankfurt am Main,496,"HL Touring Frame - Yellow, 54"
Germany,Frankfurt am Main,497,"HL Touring Frame - Blue, 46"
Germany,Frankfurt am Main,498,"HL Touring Frame - Blue, 50"
Germany,Frankfurt am Main,499,"HL Touring Frame - Blue, 54"
Germany,Frankfurt am Main,500,"HL Touring Frame - Blue, 60"
Germany,Frankfurt am Main,502,"LL Touring Frame - Blue, 50"
Germany,Frankfurt am Main,503,"LL Touring Frame - Blue, 54"
Germany,Frankfurt am Main,506,"LL Touring Frame - Yellow, 44"
Germany,Frankfurt am Main,507,"LL Touring Frame - Yellow, 50"
Germany,Frankfurt am Main,509,"LL Touring Frame - Yellow, 58"
Germany,Frankfurt am Main,517,HL Mountain Seat/Saddle
Germany,Frankfurt am Main,521,LL Touring Seat/Saddle
Germany,Frankfurt am Main,522,ML Touring Seat/Saddle
Germany,Frankfurt am Main,523,HL Touring Seat/Saddle
Germany,Frankfurt am Main,544,HL Mountain Pedal
Germany,Frankfurt am Main,548,Touring Pedal
Germany,Frankfurt am Main,554,HL Touring Handlebars
Germany,Grevenbroich,492,"HL Touring Frame - Yellow, 60"
Germany,Grevenbroich,493,"LL Touring Frame - Yellow, 62"
Germany,Grevenbroich,494,"HL Touring Frame - Yellow, 46"
Germany,Grevenbroich,495,"HL Touring Frame - Yellow, 50"
Germany,Grevenbroich,496,"HL Touring Frame - Yellow, 54"
Germany,Grevenbroich,498,"HL Touring Frame - Blue, 50"
Germany,Grevenbroich,499,"HL Touring Frame - Blue, 54"
Germany,Grevenbroich,500,"HL Touring Frame - Blue, 60"
Germany,Grevenbroich,502,"LL Touring Frame - Blue, 50"
Germany,Grevenbroich,503,"LL Touring Frame - Blue, 54"
Germany,Grevenbroich,506,"LL Touring Frame - Yellow, 44"
Germany,Grevenbroich,507,"LL Touring Frame - Yellow, 50"
Germany,Grevenbroich,522,ML Touring Seat/Saddle
Germany,Grevenbroich,523,HL Touring Seat/Saddle
Germany,Grevenbroich,548,Touring Pedal
Germany,Grevenbroich,553,LL Touring Handlebars
Germany,Grevenbroich,554,HL Touring Handlebars
Germany,Hamburg,240,"HL Road Frame - Red, 62"
Germany,Hamburg,243,"HL Road Frame - Red, 44"
Germany,Hamburg,434,"ML Road Frame-W - Yellow, 44"
Germany,Hamburg,440,"HL Road Frame - Black, 44"
Germany,Hamburg,546,ML Road Pedal
Germany,Hannover,552,Front Derailleur
Germany,Hannover,555,Front Brakes
Germany,Kiel,552,Front Derailleur
Germany,Kiel,555,Front Brakes
Germany,Kiel,559,Chain
Germany,Kiel,603,HL Bottom Bracket
Germany,Leipzig,404,LL Road Handlebars
Germany,Leipzig,408,HL Road Handlebars
Germany,Leipzig,418,"ML Road Frame-W - Yellow, 38"
Germany,Leipzig,436,"ML Road Frame-W - Yellow, 48"
Germany,Leipzig,546,ML Road Pedal
Germany,Muehlheim,287,"LL Road Frame - Black, 52"
Germany,Muehlheim,434,"ML Road Frame-W - Yellow, 44"
Germany,Muehlheim,545,LL Road Pedal
Germany,Muehlheim,546,ML Road Pedal
Germany,München,290,"HL Mountain Frame - Silver, 42"
Germany,München,295,"HL Mountain Frame - Silver, 46"
Germany,München,298,"HL Mountain Frame - Black, 42"
Germany,München,306,"HL Mountain Frame - Black, 38"
Germany,München,309,"HL Mountain Frame - Silver, 38"
Germany,München,398,LL Mountain Handlebars
Germany,München,400,ML Mountain Handlebars
Germany,München,402,HL Mountain Handlebars
Germany,München,492,"HL Touring Frame - Yellow, 60"
Germany,München,493,"LL Touring Frame - Yellow, 62"
Germany,München,496,"HL Touring Frame - Yellow, 54"
Germany,München,499,"HL Touring Frame - Blue, 54"
Germany,München,501,Rear Derailleur
Germany,München,502,"LL Touring Frame - Blue, 50"
Germany,München,503,"LL Touring Frame - Blue, 54"
Germany,München,511,"ML Mountain Frame-W - Silver, 40"
Germany,München,512,"ML Mountain Frame-W - Silver, 42"
Germany,München,513,"ML Mountain Frame-W - Silver, 46"
Germany,München,514,Rear Brakes
Germany,München,515,LL Mountain Seat/Saddle
Germany,München,516,ML Mountain Seat/Saddle
Germany,München,517,HL Mountain Seat/Saddle
Germany,München,524,"LL Mountain Frame - Silver, 42"
Germany,München,525,"LL Mountain Frame - Silver, 44"
Germany,München,527,"LL Mountain Frame - Silver, 52"
Germany,München,531,"LL Mountain Frame - Black, 42"
Germany,München,532,"LL Mountain Frame - Black, 44"
Germany,München,533,"LL Mountain Frame - Black, 48"
Germany,München,534,"LL Mountain Frame - Black, 52"
Germany,München,542,LL Mountain Pedal
Germany,München,543,ML Mountain Pedal
Germany,München,544,HL Mountain Pedal
Germany,München,551,"LL Mountain Frame - Silver, 40"
Germany,München,552,Front Derailleur
Germany,München,554,HL Touring Handlebars
Germany,München,555,Front Brakes
Germany,München,556,LL Crankset
Germany,München,557,ML Crankset
Germany,München,558,HL Crankset
Germany,München,559,Chain
Germany,München,601,LL Bottom Bracket
Germany,München,603,HL Bottom Bracket
Germany,Münster,298,"HL Mountain Frame - Black, 42"
Germany,Münster,309,"HL Mountain Frame - Silver, 38"
Germany,Münster,400,ML Mountain Handlebars
Germany,Münster,402,HL Mountain Handlebars
Germany,Münster,511,"ML Mountain Frame-W - Silver, 40"
Germany,Münster,512,"ML Mountain Frame-W - Silver, 42"
Germany,Münster,513,"ML Mountain Frame-W - Silver, 46"
Germany,Münster,515,LL Mountain Seat/Saddle
Germany,Münster,516,ML Mountain Seat/Saddle
Germany,Münster,517,HL Mountain Seat/Saddle
Germany,Münster,524,"LL Mountain Frame - Silver, 42"
Germany,Münster,525,"LL Mountain Frame - Silver, 44"
Germany,Münster,527,"LL Mountain Frame - Silver, 52"
Germany,Münster,532,"LL Mountain Frame - Black, 44"
Germany,Münster,533,"LL Mountain Frame - Black, 48"
Germany,Münster,542,LL Mountain Pedal
Germany,Münster,543,ML Mountain Pedal
Germany,Münster,544,HL Mountain Pedal
Germany,Münster,551,"LL Mountain Frame - Silver, 40"
Germany,Offenbach,492,"HL Touring Frame - Yellow, 60"
Germany,Offenbach,493,"LL Touring Frame - Yellow, 62"
Germany,Offenbach,494,"HL Touring Frame - Yellow, 46"
Germany,Offenbach,495,"HL Touring Frame - Yellow, 50"
Germany,Offenbach,496,"HL Touring Frame - Yellow, 54"
Germany,Offenbach,497,"HL Touring Frame - Blue, 46"
Germany,Offenbach,498,"HL Touring Frame - Blue, 50"
Germany,Offenbach,499,"HL Touring Frame - Blue, 54"
Germany,Offenbach,500,"HL Touring Frame - Blue, 60"
Germany,Offenbach,502,"LL Touring Frame - Blue, 50"
Germany,Offenbach,503,"LL Touring Frame - Blue, 54"
Germany,Offenbach,506,"LL Touring Frame - Yellow, 44"
Germany,Offenbach,507,"LL Touring Frame - Yellow, 50"
Germany,Offenbach,522,ML Touring Seat/Saddle
Germany,Offenbach,523,HL Touring Seat/Saddle
Germany,Offenbach,548,Touring Pedal
Germany,Offenbach,553,LL Touring Handlebars
Germany,Offenbach,554,HL Touring Handlebars
Germany,Paderborn,494,"HL Touring Frame - Yellow, 46"
Germany,Paderborn,495,"HL Touring Frame - Yellow, 50"
Germany,Paderborn,500,"HL Touring Frame - Blue, 60"
Germany,Paderborn,503,"LL Touring Frame - Blue, 54"
Germany,Saarbrücken,492,"HL Touring Frame - Yellow, 60"
Germany,Saarbrücken,493,"LL Touring Frame - Yellow, 62"
Germany,Saarbrücken,496,"HL Touring Frame - Yellow, 54"
Germany,Saarbrücken,499,"HL Touring Frame - Blue, 54"
Germany,Saarbrücken,500,"HL Touring Frame - Blue, 60"
Germany,Saarbrücken,501,Rear Derailleur
Germany,Saarbrücken,503,"LL Touring Frame - Blue, 54"
Germany,Saarbrücken,506,"LL Touring Frame - Yellow, 44"
Germany,Saarbrücken,507,"LL Touring Frame - Yellow, 50"
Germany,Saarbrücken,514,Rear Brakes
Germany,Saarbrücken,521,LL Touring Seat/Saddle
Germany,Saarbrücken,523,HL Touring Seat/Saddle
Germany,Saarbrücken,548,Touring Pedal
Germany,Saarbrücken,552,Front Derailleur
Germany,Saarbrücken,554,HL Touring Handlebars
Germany,Saarbrücken,555,Front Brakes
Germany,Saarbrücken,556,LL Crankset
Germany,Saarbrücken,558,HL Crankset
Germany,Saarbrücken,559,Chain
Germany,Saarbrücken,601,LL Bottom Bracket
Germany,Saarbrücken,603,HL Bottom Bracket
Germany,Stuttgart,552,Front Derailleur
Germany,Stuttgart,555,Front Brakes
Germany,Sulzbach Taunus,408,HL Road Handlebars
Germany,Sulzbach Taunus,418,"ML Road Frame-W - Yellow, 38"
